<?xml version="1.0" encoding="UTF-8"?><rss version="2.0"
	xmlns:content="http://purl.org/rss/1.0/modules/content/"
	xmlns:wfw="http://wellformedweb.org/CommentAPI/"
	xmlns:dc="http://purl.org/dc/elements/1.1/"
	xmlns:atom="http://www.w3.org/2005/Atom"
	xmlns:sy="http://purl.org/rss/1.0/modules/syndication/"
	xmlns:slash="http://purl.org/rss/1.0/modules/slash/"
	>

<channel>
	<title>PolyTrack</title>
	<atom:link href="/feed" rel="self" type="application/rss+xml" />
	<link>/</link>
	<description></description>
	<lastBuildDate>Sat, 07 Sep 2024 06:58:16 +0000</lastBuildDate>
	<language>en-US</language>
	<sy:updatePeriod>
	hourly	</sy:updatePeriod>
	<sy:updateFrequency>
	1	</sy:updateFrequency>
	<generator>https://wordpress.org/?v=6.6.2</generator>
	<item>
		<title>Awesome Tanks 2</title>
		<link>/awesome-tanks-2.html</link>
					<comments>/awesome-tanks-2.html#respond</comments>
		
		<dc:creator><![CDATA[admin-pl]]></dc:creator>
		<pubDate>Sat, 07 Sep 2024 06:58:16 +0000</pubDate>
				<category><![CDATA[Idle Games]]></category>
		<guid isPermaLink="false">https://findingfrankiegame.com/?p=3652</guid>

					<description><![CDATA[]]></description>
										<content:encoded><![CDATA[]]></content:encoded>
					
					<wfw:commentRss>/awesome-tanks-2.html/feed</wfw:commentRss>
			<slash:comments>0</slash:comments>
		
		
			</item>
	</channel>
</rss>
